{
    "dt": 1.9999999494757503e-05,
    "full_info_frequency": 0.10000000149011612,
    "print_frequency": 0.10000000149011612,
    "save_frequency": 0.10000000149011612,
    "total_time_steps": 50000
}